Timestamp,Applicant Name,Score from 1 to 5 (1 is lowest)
2023-02-02 19:20:41.934,11A,4
2023-02-02 19:22:16.083,11A,1
2023-02-02 19:22:54.268,11A,3
2023-02-02 19:22:54.414,11A,2
2023-02-02 19:22:56.071,11A,3
2023-02-02 19:22:57.458,11A,3
2023-02-02 19:23:00.429,11A,3
2023-02-02 19:23:11.473,11A,4
2023-02-02 19:23:13.880,11A,4
2023-02-02 19:23:14.024,11A,4
2023-02-02 19:23:16.033,11A,4
2023-02-02 19:23:16.718,11A,3
2023-02-02 19:23:17.176,11A,4
2023-02-02 19:23:17.581,11A,4
2023-02-02 19:23:18.566,11A,3
2023-02-02 19:23:19.127,11A,3
2023-02-02 19:23:19.535,11A,4
2023-02-02 19:23:19.782,11A,4
2023-02-02 19:23:20.527,11A,3
2023-02-02 19:23:20.543,11A,5
2023-02-02 19:23:20.990,11A,3
2023-02-02 19:23:21.423,11A,3
2023-02-02 19:23:22.121,11A,4
2023-02-02 19:23:22.142,11A,3
2023-02-02 19:23:26.247,11A,3
2023-02-02 19:23:26.693,11A,4
2023-02-02 19:23:27.384,11A,4
2023-02-02 19:23:29.847,11A,4
2023-02-02 19:23:33.697,11A,4
2023-02-02 19:23:34.317,11A,2
2023-02-02 19:23:39.822,11A,4
2023-02-02 19:24:42.042,11A,5
2023-02-02 19:30:33.111,11A,4
2023-02-02 19:04:06.805,12A,2
2023-02-02 19:04:10.566,12A,3
2023-02-02 19:04:17.358,12A,3
2023-02-02 19:04:23.359,12A,2
2023-02-02 19:04:24.641,12A,2
2023-02-02 19:04:25.708,12A,3
2023-02-02 19:04:37.926,12A,3
2023-02-02 19:04:43.991,12A,3
2023-02-02 19:04:44.662,12A,2
2023-02-02 19:04:45.417,12A,1
2023-02-02 19:04:52.250,12A,1
2023-02-02 19:04:54.179,12A,3
2023-02-02 19:04:55.767,12A,2
2023-02-02 19:05:00.538,12A,3
2023-02-02 19:05:01.795,12A,2
2023-02-02 19:05:05.368,12A,3
2023-02-02 19:05:06.095,12A,3
2023-02-02 19:05:07.693,12A,2
2023-02-02 19:05:07.772,12A,3
2023-02-02 19:05:07.942,12A,3
2023-02-02 19:05:10.038,12A,3
2023-02-02 19:05:10.792,12A,4
2023-02-02 19:05:13.716,12A,2
2023-02-02 19:05:17.023,12A,4
2023-02-02 19:05:20.002,12A,3
2023-02-02 19:05:20.939,12A,3
2023-02-02 19:05:21.859,12A,3
2023-02-02 19:05:39.686,12A,3
2023-02-02 19:05:44.373,12A,3
2023-02-02 19:06:32.000,12A,2
2023-02-02 19:28:45.441,13A,1
2023-02-02 19:30:13.107,13A,2
2023-02-02 19:30:15.330,13A,4
2023-02-02 19:30:15.839,13A,2
2023-02-02 19:30:19.461,13A,4
2023-02-02 19:30:20.406,13A,2
2023-02-02 19:30:21.308,13A,5
2023-02-02 19:30:22.490,13A,4
2023-02-02 19:30:23.065,13A,4
2023-02-02 19:30:25.142,13A,3
2023-02-02 19:30:25.715,13A,3
2023-02-02 19:30:25.823,13A,3
2023-02-02 19:30:27.179,13A,1
2023-02-02 19:30:27.547,13A,3
2023-02-02 19:30:27.997,13A,2
2023-02-02 19:30:28.911,13A,3
2023-02-02 19:30:29.098,13A,3
2023-02-02 19:30:30.208,13A,4
2023-02-02 19:30:31.335,13A,4
2023-02-02 19:30:36.687,13A,4
2023-02-02 19:30:38.443,13A,3
2023-02-02 19:30:38.842,13A,3
2023-02-02 19:30:39.268,13A,3
2023-02-02 19:30:39.585,13A,4
2023-02-02 19:30:45.729,13A,2
2023-02-02 19:30:47.124,13A,4
2023-02-02 19:30:52.436,13A,4
2023-02-02 19:30:53.373,13A,3
2023-02-02 19:30:55.098,13A,4
2023-02-02 19:31:04.339,13A,3
2023-02-02 19:31:12.830,13A,4
2023-02-02 19:31:28.081,13A,4
2023-02-02 19:41:39.420,13A,2
2023-02-02 19:35:45.324,14A,2
2023-02-02 19:41:32.026,14A,4
2023-02-02 19:41:32.552,14A,4
2023-02-02 19:41:34.091,14A,2
2023-02-02 19:41:34.827,14A,4
2023-02-02 19:41:35.134,14A,4
2023-02-02 19:41:36.495,14A,2
2023-02-02 19:41:37.101,14A,4
2023-02-02 19:41:40.694,14A,3
2023-02-02 19:41:41.284,14A,3
2023-02-02 19:41:41.898,14A,2
2023-02-02 19:41:42.363,14A,4
2023-02-02 19:41:44.161,14A,4
2023-02-02 19:41:44.371,14A,3
2023-02-02 19:41:47.422,14A,4
2023-02-02 19:41:47.575,14A,3
2023-02-02 19:41:53.986,14A,5
2023-02-02 19:41:54.059,14A,4
2023-02-02 19:41:54.742,14A,2
2023-02-02 19:41:58.123,14A,3
2023-02-02 19:42:00.974,14A,2
2023-02-02 19:42:01.092,14A,3
2023-02-02 19:42:01.332,14A,4
2023-02-02 19:42:01.526,14A,3
2023-02-02 19:42:03.211,14A,4
2023-02-02 19:42:03.847,14A,4
2023-02-02 19:42:10.193,14A,2
2023-02-02 19:42:33.581,14A,3
2023-02-02 19:42:39.506,14A,3
2023-02-02 19:42:41.906,14A,3
2023-02-02 19:43:20.324,14A,5
2023-02-02 19:43:28.517,14A,3
2023-02-02 19:47:15.019,15A,5
2023-02-02 19:47:16.142,15A,3
2023-02-02 19:47:16.321,15A,4
2023-02-02 19:47:26.215,15A,4
2023-02-02 19:48:13.501,15A,2
2023-02-02 19:49:44.257,15A,4
2023-02-02 19:50:58.550,15A,5
2023-02-02 19:51:54.958,15A,5
2023-02-02 19:51:55.385,15A,5
2023-02-02 19:51:57.153,15A,5
2023-02-02 19:51:57.672,15A,5
2023-02-02 19:51:58.686,15A,4
2023-02-02 19:51:59.058,15A,5
2023-02-02 19:52:00.656,15A,5
2023-02-02 19:52:01.312,15A,4
2023-02-02 19:52:03.642,15A,5
2023-02-02 19:52:06.594,15A,4
2023-02-02 19:52:08.522,15A,5
2023-02-02 19:52:08.577,15A,5
2023-02-02 19:52:09.032,15A,4
2023-02-02 19:52:14.219,15A,5
2023-02-02 19:52:15.956,15A,4
2023-02-02 19:52:16.102,15A,4
2023-02-02 19:52:17.205,15A,4
2023-02-02 19:52:19.090,15A,5
2023-02-02 19:52:26.669,15A,5
2023-02-02 19:52:33.225,15A,5
2023-02-02 19:52:42.610,15A,5
2023-02-02 19:53:45.241,15A,3
2023-02-02 19:56:04.171,16A,5
2023-02-02 19:56:17.007,16A,5
2023-02-02 19:56:49.449,16A,5
2023-02-02 19:57:03.848,16A,5
2023-02-02 19:57:24.069,16A,4
2023-02-02 19:58:16.953,16A,5
2023-02-02 19:58:47.920,16A,5
2023-02-02 19:58:59.088,16A,5
2023-02-02 19:59:01.164,16A,5
2023-02-02 19:59:03.987,16A,5
2023-02-02 19:59:06.756,16A,5
2023-02-02 19:59:10.218,16A,5
2023-02-02 19:59:10.844,16A,5
2023-02-02 19:59:12.677,16A,5
2023-02-02 19:59:16.012,16A,5
2023-02-02 19:59:27.176,16A,5
2023-02-02 19:59:27.203,16A,5
2023-02-02 19:59:33.129,16A,5
2023-02-02 19:59:36.800,16A,5
2023-02-02 19:59:38.598,16A,5
2023-02-02 19:59:39.232,16A,5
2023-02-02 19:59:43.784,16A,5
2023-02-02 19:59:46.770,16A,5
2023-02-02 19:59:47.437,16A,5
2023-02-02 19:59:52.741,16A,5
2023-02-02 19:59:54.849,16A,5
2023-02-02 20:00:13.856,16A,5
2023-02-02 20:05:04.798,16A,5
2023-02-02 20:05:12.981,16A,5
2023-02-02 20:03:53.464,17A,3
2023-02-02 20:07:02.502,17A,5
2023-02-02 20:10:21.073,17A,2
2023-02-02 20:10:21.552,17A,5
2023-02-02 20:10:21.844,17A,5
2023-02-02 20:10:25.495,17A,5
2023-02-02 20:10:26.488,17A,4
2023-02-02 20:10:26.497,17A,4
2023-02-02 20:10:27.888,17A,4
2023-02-02 20:10:28.221,17A,5
2023-02-02 20:10:31.141,17A,2
2023-02-02 20:10:31.951,17A,5
2023-02-02 20:10:35.341,17A,4
2023-02-02 20:10:36.418,17A,4
2023-02-02 20:10:36.525,17A,3
2023-02-02 20:10:37.360,17A,5
2023-02-02 20:10:38.582,17A,4
2023-02-02 20:10:39.948,17A,4
2023-02-02 20:10:40.682,17A,4
2023-02-02 20:10:41.271,17A,3
2023-02-02 20:10:41.339,17A,3
2023-02-02 20:10:41.585,17A,4
2023-02-02 20:10:46.938,17A,5
2023-02-02 20:10:49.315,17A,5
2023-02-02 20:11:01.395,17A,4
2023-02-02 20:11:01.798,17A,4
2023-02-02 20:11:02.974,17A,4
2023-02-02 20:11:14.362,17A,3
2023-02-02 20:11:18.694,17A,4
2023-02-02 20:11:53.176,17A,4
2023-02-02 20:12:18.850,17A,4
2023-02-02 20:12:18.883,17A,4
2023-02-02 20:18:37.614,18A,5
2023-02-02 20:18:41.041,18A,5
2023-02-02 20:20:42.276,18A,5
2023-02-02 20:20:42.500,18A,4
2023-02-02 20:20:44.295,18A,4
2023-02-02 20:20:47.635,18A,5
2023-02-02 20:20:48.175,18A,5
2023-02-02 20:20:51.875,18A,4
2023-02-02 20:20:52.511,18A,5
2023-02-02 20:20:52.839,18A,5
2023-02-02 20:20:54.575,18A,5
2023-02-02 20:20:54.949,18A,5
2023-02-02 20:20:55.081,18A,4
2023-02-02 20:20:56.173,18A,5
2023-02-02 20:20:56.553,18A,5
2023-02-02 20:20:58.027,18A,5
2023-02-02 20:20:58.358,18A,4
2023-02-02 20:20:58.684,18A,5
2023-02-02 20:20:59.471,18A,5
2023-02-02 20:21:02.014,18A,4
2023-02-02 20:21:06.376,18A,5
2023-02-02 20:21:08.551,18A,5
2023-02-02 20:21:08.990,18A,5
2023-02-02 20:21:33.072,18A,5
2023-02-02 20:21:40.663,18A,5
2023-02-02 20:21:52.174,18A,5
2023-02-02 20:22:52.012,18A,4
2023-02-02 20:23:01.537,18A,5
2023-02-02 20:39:05.664,19A,2
2023-02-02 20:42:03.029,19A,3
2023-02-02 20:42:51.377,19A,4
2023-02-02 20:43:16.847,19A,3
2023-02-02 20:43:30.829,19A,3
2023-02-02 20:43:42.451,19A,4
2023-02-02 20:43:43.478,19A,4
2023-02-02 20:43:43.507,19A,5
2023-02-02 20:43:44.802,19A,3
2023-02-02 20:43:45.204,19A,4
2023-02-02 20:43:45.682,19A,4
2023-02-02 20:43:48.895,19A,3
2023-02-02 20:43:50.888,19A,4
2023-02-02 20:43:54.106,19A,4
2023-02-02 20:43:54.522,19A,4
2023-02-02 20:43:56.070,19A,3
2023-02-02 20:43:56.877,19A,4
2023-02-02 20:43:57.095,19A,4
2023-02-02 20:43:58.194,19A,2
2023-02-02 20:43:58.508,19A,3
2023-02-02 20:44:02.478,19A,3
2023-02-02 20:45:04.472,19A,3
2023-02-02 20:48:18.408,19A*,2
2023-02-02 20:50:10.546,19A*,4
2023-02-02 20:51:10.009,19A*,4
2023-02-02 20:51:11.721,19A*,4
2023-02-02 20:51:19.829,19A*,5
2023-02-02 20:51:20.236,19A*,3
2023-02-02 20:51:21.732,19A*,5
2023-02-02 20:51:24.112,19A*,4
2023-02-02 20:51:26.161,19A*,4
2023-02-02 20:51:26.739,19A*,4
2023-02-02 20:51:30.337,19A*,4
2023-02-02 20:51:30.840,19A*,4
2023-02-02 20:51:31.230,19A*,4
2023-02-02 20:51:31.424,19A*,4
2023-02-02 20:51:31.448,19A*,4
2023-02-02 20:51:32.218,19A*,4
2023-02-02 20:51:33.775,19A*,4
2023-02-02 20:51:33.777,19A*,4
2023-02-02 20:51:33.870,19A*,5
2023-02-02 20:51:34.017,19A*,5
2023-02-02 20:51:34.424,19A*,4
2023-02-02 20:51:35.784,19A*,4
2023-02-02 20:51:36.987,19A*,4
2023-02-02 20:51:48.378,19A*,4
2023-02-02 20:51:51.122,19A*,4
2023-02-02 20:51:52.658,19A*,4
2023-02-02 20:52:21.060,19A*,4
2023-02-02 20:53:50.357,19A*,3
2023-02-02 21:04:25.790,19A*,3
2023-02-02 20:28:03.210,20A,5
2023-02-02 20:32:03.216,20A,4
2023-02-02 20:32:11.410,20A,5
2023-02-02 20:32:22.717,20A,2
2023-02-02 20:32:24.824,20A,3
2023-02-02 20:32:29.327,20A,4
2023-02-02 20:32:29.931,20A,5
2023-02-02 20:32:30.063,20A,4
2023-02-02 20:32:30.257,20A,3
2023-02-02 20:32:31.352,20A,5
2023-02-02 20:32:31.530,20A,4
2023-02-02 20:32:32.029,20A,4
2023-02-02 20:32:32.366,20A,5
2023-02-02 20:32:32.857,20A,4
2023-02-02 20:32:35.525,20A,5
2023-02-02 20:32:44.195,20A,4
2023-02-02 20:32:48.103,20A,4
2023-02-02 20:32:51.898,20A,4
2023-02-02 20:32:53.803,20A,4
2023-02-02 20:32:55.372,20A,4
2023-02-02 20:32:57.864,20A,5
2023-02-02 20:33:01.922,20A,3
2023-02-02 20:33:03.581,20A,4
2023-02-02 20:33:06.952,20A,5
2023-02-02 20:33:07.037,20A,4
2023-02-02 20:33:07.138,20A,2
2023-02-02 20:33:11.164,20A,4
2023-02-02 20:33:21.622,20A,3
2023-02-02 20:33:27.798,20A,4
2023-02-02 20:33:42.234,20A,5
2023-02-02 20:36:26.027,20A,5
2023-02-02 20:36:33.753,20A,5
2023-02-02 19:11:25.903,33A,3
2023-02-02 19:11:28.758,33A,4
2023-02-02 19:11:31.509,33A,2
2023-02-02 19:11:31.990,33A,3
2023-02-02 19:11:35.563,33A,3
2023-02-02 19:11:37.251,33A,2
2023-02-02 19:11:38.425,33A,3
2023-02-02 19:11:43.503,33A,3
2023-02-02 19:11:46.565,33A,4
2023-02-02 19:14:21.689,33A,4
2023-02-02 19:14:56.072,33A,4
2023-02-02 19:14:59.782,33A,5
2023-02-02 19:14:59.946,33A,3
2023-02-02 19:15:03.171,33A,4
2023-02-02 19:15:06.105,33A,3
2023-02-02 19:15:07.656,33A,4
2023-02-02 19:15:10.728,33A,4
2023-02-02 19:15:11.712,33A,3
2023-02-02 19:15:13.922,33A,4
2023-02-02 19:15:14.772,33A,3
2023-02-02 19:15:23.548,33A,4
2023-02-02 19:15:25.897,33A,3
2023-02-02 19:15:28.172,33A,4
2023-02-02 19:15:30.848,33A,3
2023-02-02 19:15:37.286,33A,4
2023-02-02 19:15:40.461,33A,5
2023-02-02 19:15:42.718,33A,3
2023-02-02 19:15:44.367,33A,3
2023-02-02 19:16:02.555,33A,4
2023-02-02 19:16:09.658,33A,4
2023-02-02 19:16:17.360,33A,4
2023-02-02 23:19:00.328,31A,5
2023-02-02 23:19:05.536,31A,5
2023-02-02 23:19:30.791,31A,5
2023-02-02 23:19:38.667,31A,4
2023-02-02 23:20:08.181,31A,4
2023-02-02 23:20:56.399,31A,3
2023-02-02 23:20:56.617,31A,4
2023-02-02 23:20:56.900,31A,3
2023-02-02 23:20:57.189,31A,5
2023-02-02 23:20:57.664,31A,4
2023-02-02 23:20:58.464,31A,3
2023-02-02 23:21:01.204,31A,3
2023-02-02 23:21:10.317,31A,3
2023-02-02 23:21:16.000,31A,4
2023-02-02 23:21:16.605,31A,4
2023-02-02 23:21:17.713,31A,3
2023-02-02 23:21:18.131,31A,4
2023-02-02 23:21:18.737,31A,5
2023-02-02 23:21:21.488,31A,5
2023-02-02 23:21:22.572,31A,3
2023-02-02 23:21:24.224,31A,5
2023-02-02 23:21:24.921,31A,4
2023-02-02 23:21:27.554,31A,3
2023-02-02 23:21:52.506,31A,5
2023-02-02 23:21:55.439,31A,5
2023-02-02 23:22:21.108,31A,4
2023-02-02 23:22:41.008,31A,3
2023-02-02 23:35:39.137,1A,2
2023-02-02 23:38:11.977,1A,1
2023-02-02 23:38:15.170,1A,2
2023-02-02 23:38:23.647,1A,2
2023-02-02 23:38:23.658,1A,1
2023-02-02 23:38:29.425,1A,1
2023-02-02 23:38:29.923,1A,2
2023-02-02 23:38:32.846,1A,2
2023-02-02 23:38:34.092,1A,1
2023-02-02 23:38:35.562,1A,2
2023-02-02 23:38:41.886,1A,1
2023-02-02 23:38:42.658,1A,1
2023-02-02 23:38:42.847,1A,1
2023-02-02 23:38:44.297,1A,3
2023-02-02 23:38:46.496,1A,1
2023-02-02 23:38:46.587,1A,1
2023-02-02 23:38:48.423,1A,1
2023-02-02 23:38:48.444,1A,1
2023-02-02 23:38:50.725,1A,2
2023-02-02 23:38:51.156,1A,1
2023-02-02 23:38:53.853,1A,1
2023-02-02 23:38:54.004,1A,1
2023-02-02 23:38:59.951,1A,2
2023-02-02 23:39:05.944,1A,1
2023-02-02 23:39:06.774,1A,1
2023-02-02 23:44:35.139,1A,4
2023-02-02 22:14:24.745,27A,3
2023-02-02 22:14:40.854,27A,3
2023-02-02 22:15:41.887,27A,5
2023-02-02 22:17:18.379,27A,4
2023-02-02 22:17:19.835,27A,2
2023-02-02 22:17:19.993,27A,4
2023-02-02 22:17:25.282,27A,4
2023-02-02 22:17:25.574,27A,4
2023-02-02 22:17:26.216,27A,4
2023-02-02 22:17:26.346,27A,2
2023-02-02 22:17:26.560,27A,4
2023-02-02 22:17:26.716,27A,4
2023-02-02 22:17:27.059,27A,4
2023-02-02 22:17:27.290,27A,3
2023-02-02 22:17:27.737,27A,3
2023-02-02 22:17:29.111,27A,2
2023-02-02 22:17:32.028,27A,4
2023-02-02 22:17:33.674,27A,4
2023-02-02 22:17:33.774,27A,5
2023-02-02 22:17:35.232,27A,4
2023-02-02 22:17:36.471,27A,4
2023-02-02 22:17:37.929,27A,4
2023-02-02 22:17:39.512,27A,4
2023-02-02 22:17:40.706,27A,4
2023-02-02 22:17:42.677,27A,4
2023-02-02 22:17:46.683,27A,3
2023-02-02 22:17:50.106,27A,5
2023-02-02 22:17:52.586,27A,5
2023-02-02 22:17:57.002,27A,5
2023-02-02 22:18:13.585,27A,4
2023-02-02 21:01:56.404,21A,2
2023-02-02 21:06:42.329,21A,4
2023-02-02 21:06:42.873,21A,4
2023-02-02 21:06:43.345,21A,3
2023-02-02 21:06:46.126,21A,3
2023-02-02 21:06:50.368,21A,5
2023-02-02 21:06:51.165,21A,1
2023-02-02 21:06:52.233,21A,3
2023-02-02 21:07:20.526,21A,3
2023-02-02 21:08:05.184,21A,3
2023-02-02 21:08:05.541,21A,4
2023-02-02 21:08:05.738,21A,4
2023-02-02 21:08:06.121,21A,4
2023-02-02 21:08:10.145,21A,3
2023-02-02 21:08:10.245,21A,4
2023-02-02 21:08:12.079,21A,3
2023-02-02 21:08:16.280,21A,2
2023-02-02 21:08:19.072,21A,3
2023-02-02 21:08:19.588,21A,4
2023-02-02 21:08:20.085,21A,4
2023-02-02 21:08:20.623,21A,5
2023-02-02 21:08:21.204,21A,4
2023-02-02 21:08:21.728,21A,3
2023-02-02 21:08:22.671,21A,2
2023-02-02 21:08:22.797,21A,4
2023-02-02 21:08:24.043,21A,5
2023-02-02 21:08:25.147,21A,2
2023-02-02 21:08:25.429,21A,5
2023-02-02 21:08:27.535,21A,4
2023-02-02 21:08:27.996,21A,5
2023-02-02 21:08:29.612,21A,4
2023-02-02 21:08:36.310,21A,5
2023-02-02 22:46:12.458,30A,4
2023-02-02 22:46:21.533,30A,5
2023-02-02 22:47:09.661,30A,5
2023-02-02 22:47:15.470,30A,4
2023-02-02 22:47:22.168,30A,5
2023-02-02 22:47:36.911,30A,5
2023-02-02 22:47:39.030,30A,5
2023-02-02 22:47:48.865,30A,4
2023-02-02 22:47:52.081,30A,5
2023-02-02 22:48:01.813,30A,5
2023-02-02 22:48:28.016,30A,5
2023-02-02 22:48:29.933,30A,4
2023-02-02 22:48:29.951,30A,5
2023-02-02 22:48:37.912,30A,4
2023-02-02 22:48:40.445,30A,5
2023-02-02 22:48:40.418,30A,4
2023-02-02 22:48:43.309,30A,5
2023-02-02 22:48:43.344,30A,5
2023-02-02 22:48:43.682,30A,5
2023-02-02 22:48:45.310,30A,5
2023-02-02 22:48:45.696,30A,4
2023-02-02 22:48:46.654,30A,4
2023-02-02 22:48:46.855,30A,5
2023-02-02 22:48:47.753,30A,5
2023-02-02 22:48:52.653,30A,5
2023-02-02 22:48:53.795,30A,5
2023-02-02 23:15:19.396,30A,5
2023-02-02 23:18:17.299,30A,4
2023-02-02 22:35:46.309,29A,3
2023-02-02 22:38:29.853,29A,2
2023-02-02 22:38:38.720,29A,3
2023-02-02 22:38:41.754,29A,5
2023-02-02 22:38:42.150,29A,5
2023-02-02 22:38:42.046,29A,4
2023-02-02 22:38:45.527,29A,3
2023-02-02 22:38:47.011,29A,4
2023-02-02 22:38:49.561,29A,4
2023-02-02 22:38:52.230,29A,5
2023-02-02 22:38:56.991,29A,4
2023-02-02 22:38:58.525,29A,5
2023-02-02 22:38:58.919,29A,5
2023-02-02 22:39:01.816,29A,4
2023-02-02 22:39:02.867,29A,3
2023-02-02 22:39:03.010,29A,5
2023-02-02 22:39:05.090,29A,4
2023-02-02 22:39:06.568,29A,5
2023-02-02 22:39:07.455,29A,4
2023-02-02 22:39:08.616,29A,4
2023-02-02 22:39:10.007,29A,5
2023-02-02 22:39:11.647,29A,4
2023-02-02 22:39:13.194,29A,4
2023-02-02 22:39:15.333,29A,4
2023-02-02 22:39:14.241,29A,5
2023-02-02 22:40:19.786,29A,4
2023-02-02 22:40:29.809,29A,4
2023-02-02 21:59:20.211,25A,2
2023-02-02 21:59:28.145,25A,2
2023-02-02 21:59:28.809,25A,3
2023-02-02 21:59:28.933,25A,2
2023-02-02 21:59:31.532,25A,3
2023-02-02 21:59:32.978,25A,3
2023-02-02 21:59:33.721,25A,3
2023-02-02 21:59:34.531,25A,4
2023-02-02 21:59:34.577,25A,3
2023-02-02 21:59:35.497,25A,4
2023-02-02 21:59:36.139,25A,3
2023-02-02 21:59:36.734,25A,4
2023-02-02 21:59:37.401,25A,2
2023-02-02 21:59:39.080,25A,3
2023-02-02 21:59:39.638,25A,3
2023-02-02 21:59:39.968,25A,3
2023-02-02 21:59:40.057,25A,3
2023-02-02 21:59:43.976,25A,3
2023-02-02 21:59:44.241,25A,2
2023-02-02 21:59:45.439,25A,3
2023-02-02 21:59:48.098,25A,5
2023-02-02 21:59:48.641,25A,4
2023-02-02 21:59:52.739,25A,4
2023-02-02 21:59:54.605,25A,3
2023-02-02 21:59:56.389,25A,4
2023-02-02 21:59:57.671,25A,4
2023-02-02 22:00:00.321,25A,4
2023-02-02 22:00:37.986,25A,3
2023-02-02 22:03:53.263,25A,3
2023-02-02 22:04:24.340,25A,2
2023-02-02 22:05:45.802,26A,3
2023-02-02 22:08:22.889,26A,3
2023-02-02 22:08:28.263,26A,4
2023-02-02 22:08:29.679,26A,4
2023-02-02 22:08:30.768,26A,4
2023-02-02 22:08:32.270,26A,4
2023-02-02 22:08:33.159,26A,2
2023-02-02 22:08:36.235,26A,3
2023-02-02 22:08:36.774,26A,2
2023-02-02 22:08:36.830,26A,2
2023-02-02 22:08:38.365,26A,3
2023-02-02 22:08:38.514,26A,3
2023-02-02 22:08:39.382,26A,3
2023-02-02 22:08:43.476,26A,4
2023-02-02 22:08:44.922,26A,4
2023-02-02 22:08:47.930,26A,3
2023-02-02 22:08:49.217,26A,3
2023-02-02 22:08:54.016,26A,3
2023-02-02 22:08:57.855,26A,3
2023-02-02 22:08:59.571,26A,4
2023-02-02 22:09:00.793,26A,4
2023-02-02 22:09:01.146,26A,4
2023-02-02 22:09:01.181,26A,4
2023-02-02 22:09:01.297,26A,4
2023-02-02 22:09:02.693,26A,4
2023-02-02 22:09:07.503,26A,3
2023-02-02 22:09:10.994,26A,3
2023-02-02 22:09:13.535,26A,2
2023-02-02 21:20:35.681,22A,3
2023-02-02 22:27:26.879,28A,4
2023-02-02 22:27:28.967,28A,4
2023-02-02 22:28:55.695,28A,5
2023-02-02 22:29:11.149,28A,4
2023-02-02 22:29:17.909,28A,4
2023-02-02 22:29:19.043,28A,3
2023-02-02 22:29:22.403,28A,5
2023-02-02 22:29:23.591,28A,4
2023-02-02 22:29:24.188,28A,5
2023-02-02 22:29:27.628,28A,4
2023-02-02 22:29:28.421,28A,4
2023-02-02 22:29:31.900,28A,4
2023-02-02 22:29:32.312,28A,4
2023-02-02 22:29:34.152,28A,4
2023-02-02 22:29:34.880,28A,5
2023-02-02 22:29:41.187,28A,5
2023-02-02 22:29:41.732,28A,3
2023-02-02 22:29:42.121,28A,3
2023-02-02 22:29:43.429,28A,5
2023-02-02 22:29:51.515,28A,4
2023-02-02 22:29:51.580,28A,4
2023-02-02 22:29:51.599,28A,5
2023-02-02 22:29:52.268,28A,4
2023-02-02 22:29:53.806,28A,4
2023-02-02 22:30:03.032,28A,3
2023-02-02 22:30:16.672,28A,4
2023-02-02 22:30:20.321,28A,4
2023-02-02 22:30:21.115,28A,3
2023-02-02 22:30:37.704,28A,4
2023-02-02 22:30:39.615,28A,5
2023-02-02 21:14:23.612,22A,2
2023-02-02 21:20:40.023,22A,3
2023-02-02 21:20:41.348,22A,2
2023-02-02 21:20:43.842,22A,1
2023-02-02 21:20:46.723,22A,5
2023-02-02 21:20:48.138,22A,3
2023-02-02 21:20:50.853,22A,3
2023-02-02 21:20:51.001,22A,1
2023-02-02 21:20:52.842,22A,3
2023-02-02 21:20:53.121,22A,3
2023-02-02 21:20:57.415,22A,5
2023-02-02 21:20:58.769,22A,3
2023-02-02 21:21:03.091,22A,2
2023-02-02 21:21:03.471,22A,3
2023-02-02 21:21:09.662,22A,2
2023-02-02 21:21:11.041,22A,4
2023-02-02 21:21:21.882,22A,2
2023-02-02 21:21:26.683,22A,3
2023-02-02 21:21:28.338,22A,3
2023-02-02 21:21:53.712,22A,3
2023-02-02 21:21:59.091,22A,3
2023-02-02 21:22:14.807,22A,3
2023-02-02 21:22:19.274,22A,4
2023-02-02 21:22:27.414,22A,3
2023-02-02 21:22:30.962,22A,4
2023-02-02 21:22:58.922,22A,4
2023-02-02 21:23:05.634,22A,5
2023-02-02 21:23:43.226,22A,3
2023-02-02 21:33:37.370,22A,2
2023-02-02 21:33:48.193,22A,3
2023-02-02 21:33:50.647,22A,4
2023-02-02 21:33:59.343,22A,2
2023-02-02 21:34:08.904,22A,3
2023-02-02 21:34:19.442,22A,4
2023-02-02 21:35:44.336,22A,3
2023-02-02 21:30:23.578,22A*,1
2023-02-02 21:33:25.366,22A*,4
2023-02-02 21:33:26.540,22A*,4
2023-02-02 21:33:28.611,22A*,3
2023-02-02 21:33:28.681,22A*,3
2023-02-02 21:33:29.059,22A*,3
2023-02-02 21:33:31.710,22A*,3
2023-02-02 21:33:32.038,22A*,1
2023-02-02 21:33:32.679,22A*,3
2023-02-02 21:33:39.950,22A*,5
2023-02-02 21:33:40.597,22A*,4
2023-02-02 21:33:40.955,22A*,5
2023-02-02 21:33:43.774,22A*,3
2023-02-02 21:33:45.535,22A*,5
2023-02-02 21:33:47.153,22A*,3
2023-02-02 21:33:48.338,22A*,4
2023-02-02 21:33:54.869,22A*,2
2023-02-02 21:33:55.162,22A*,2
2023-02-02 21:33:59.192,22A*,4
2023-02-02 21:34:03.011,22A*,3
2023-02-02 21:34:11.310,22A*,3
2023-02-02 21:34:19.783,22A*,2
2023-02-02 21:34:21.038,22A*,2
2023-02-02 21:34:24.645,22A*,3
2023-02-02 21:34:26.965,22A*,3
2023-02-02 21:35:59.185,22A*,3
2023-02-02 21:47:57.794,23A,2
2023-02-02 21:49:08.040,23A,1
2023-02-02 21:49:12.939,23A,3
2023-02-02 21:49:21.852,23A,2
2023-02-02 21:49:23.952,23A,2
2023-02-02 21:49:24.573,23A,1
2023-02-02 21:49:27.010,23A,3
2023-02-02 21:49:27.057,23A,3
2023-02-02 21:49:27.103,23A,2
2023-02-02 21:49:27.939,23A,2
2023-02-02 21:49:29.366,23A,1
2023-02-02 21:49:31.784,23A,3
2023-02-02 21:49:33.618,23A,3
2023-02-02 21:49:36.788,23A,4
2023-02-02 21:49:38.027,23A,2
2023-02-02 21:49:39.417,23A,3
2023-02-02 21:49:48.281,23A,1
2023-02-02 21:49:53.545,23A,2
2023-02-02 21:49:58.229,23A,2
2023-02-02 21:50:00.709,23A,1
2023-02-02 21:50:12.992,23A,2
2023-02-02 21:50:14.575,23A,1
2023-02-02 21:50:16.513,23A,2
2023-02-02 21:50:18.086,23A,3
2023-02-02 21:50:21.082,23A,2
2023-02-02 21:50:23.341,23A,4
2023-02-02 21:50:27.216,23A,2
2023-02-02 21:50:41.382,23A,3
2023-02-02 21:52:12.707,23A,3
2023-02-02 21:42:48.048,24A,5
2023-02-02 21:42:53.392,24A,5
2023-02-02 21:42:53.641,24A,4
2023-02-02 21:42:54.181,24A,3
2023-02-02 21:43:01.177,24A,4
2023-02-02 21:43:01.910,24A,4
2023-02-02 21:43:03.262,24A,5
2023-02-02 21:43:06.044,24A,4
2023-02-02 21:43:07.573,24A,4
2023-02-02 21:43:10.196,24A,4
2023-02-02 21:43:10.506,24A,4
2023-02-02 21:43:10.952,24A,4
2023-02-02 21:43:11.074,24A,5
2023-02-02 21:43:12.706,24A,4
2023-02-02 21:43:15.033,24A,5
2023-02-02 21:43:16.872,24A,3
2023-02-02 21:43:18.031,24A,4
2023-02-02 21:43:19.284,24A,4
2023-02-02 21:43:20.123,24A,4
2023-02-02 21:43:25.168,24A,4
2023-02-02 21:43:25.228,24A,4
2023-02-02 21:43:28.200,24A,4
2023-02-02 21:43:30.973,24A,4
2023-02-02 21:43:32.609,24A,5
2023-02-02 21:43:36.057,24A,4
2023-02-02 21:43:39.270,24A,5
2023-02-02 21:43:47.675,24A,4
2023-02-02 21:44:03.722,24A,5
2023-02-02 23:29:29.858,32A,4
2023-02-02 23:29:30.091,32A,3
2023-02-02 23:29:35.693,32A,4
2023-02-02 23:29:36.777,32A,2
2023-02-02 23:29:39.754,32A,4
2023-02-02 23:29:40.873,32A,3
2023-02-02 23:29:41.441,32A,3
2023-02-02 23:29:45.060,32A,3
2023-02-02 23:29:53.671,32A,3
2023-02-02 23:29:57.163,32A,4
2023-02-02 23:29:57.251,32A,3
2023-02-02 23:29:58.374,32A,4
2023-02-02 23:30:00.293,32A,4
2023-02-02 23:30:01.723,32A,5
2023-02-02 23:30:04.111,32A,3
2023-02-02 23:30:04.447,32A,2
2023-02-02 23:30:05.193,32A,4
2023-02-02 23:30:16.886,32A,2
2023-02-02 23:30:19.944,32A,3
2023-02-02 23:30:24.487,32A,3
2023-02-02 23:30:26.320,32A,3
2023-02-02 23:30:30.043,32A,3
2023-02-02 23:30:32.123,32A,3
2023-02-02 23:30:44.202,32A,3
2023-02-02 23:30:44.592,32A,3
2023-02-02 23:30:59.890,32A,4
2023-02-02 23:31:10.292,32A,5
2023-02-02 23:31:52.607,32A,4
2023-02-02 23:45:42.517,4A,1
2023-02-02 23:47:45.019,4A,3
2023-02-02 23:47:55.206,4A,2
2023-02-02 23:48:01.458,4A,2
2023-02-02 23:48:04.929,4A,4
2023-02-02 23:48:05.869,4A,2
2023-02-02 23:48:08.339,4A,2
2023-02-02 23:48:09.921,4A,2
2023-02-02 23:48:11.565,4A,5
2023-02-02 23:48:14.232,4A,4
2023-02-02 23:48:16.059,4A,2
2023-02-02 23:48:16.135,4A,4
2023-02-02 23:48:16.782,4A,4
2023-02-02 23:48:17.532,4A,2
2023-02-02 23:48:18.785,4A,5
2023-02-02 23:48:19.637,4A,5
2023-02-02 23:48:19.703,4A,4
2023-02-02 23:48:19.917,4A,3
2023-02-02 23:48:25.458,4A,2
2023-02-02 23:48:32.868,4A,3
2023-02-02 23:48:36.606,4A,3
2023-02-02 23:48:42.332,4A,1
2023-02-02 23:49:00.796,4A,4
2023-02-02 23:49:41.795,4A,1
2023-02-02 23:50:25.188,4A,5
